ticker,n_trades,outcome,p,d,q,arima_order,aic,adf_p,lb_p,rmse,mae,random_walk
KXUSAIRANAGREEMENT-27-26APR,8379,0,5,1,5,"ARIMA(5,1,5)",-39407.22,0.01,0,0.0109,0.009,No
KXATPCHALLENGERMATCH-26APR02GUIHUE-HUE,8355,1,2,1,2,"ARIMA(2,1,2)",-51102.35,0.2759,2e-4,0.0704,0.06,No
KXDHSFUNDING-26APR01,5280,0,1,1,2,"ARIMA(1,1,2)",-21645.94,0.5825,0.0052,0.3163,0.2729,No
KXATPCHALLENGERMATCH-26APR02GUIHUE-GUI,4776,0,5,1,1,"ARIMA(5,1,1)",-28746.09,0.5601,0.0075,0.0929,0.0821,No
KXATPCHALLENGERMATCH-26APR02HEIPRA-PRA,3554,0,5,1,2,"ARIMA(5,1,2)",-24502.62,0.2823,0.3628,0.0964,0.0883,Yes
KXNBASPREAD-26APR02SASLAC-SAS19,2928,0,5,1,3,"ARIMA(5,1,3)",-12445.48,0.8401,0,0.4134,0.3168,No
KXNBASPREAD-26APR02CLEGSW-CLE10,2730,0,5,1,2,"ARIMA(5,1,2)",-14548.89,0.8067,0.0291,0.1912,0.1671,No
KXNBASPREAD-26APR02SASLAC-SAS10,2456,1,4,1,3,"ARIMA(4,1,3)",-12797.56,0.8293,0.3336,0.0303,0.0239,Yes
KXNBASPREAD-26APR02SASLAC-SAS4,2181,1,5,1,3,"ARIMA(5,1,3)",-11794.97,0.7799,2e-4,0.2421,0.1924,No
KXATPCHALLENGERMATCH-26APR02HEIPRA-HEI,2096,1,0,1,1,"ARIMA(0,1,1)",-14406.71,0.1828,0.0667,0.0435,0.0368,Yes
KXNBATOTAL-26APR02CLEGSW-226,2079,1,5,1,2,"ARIMA(5,1,2)",-7409.22,0.6547,0.266,0.2642,0.1881,Yes
KXNBASPREAD-26APR02SASLAC-SAS13,2047,1,3,1,3,"ARIMA(3,1,3)",-10463.37,0.8626,0.2234,0.2906,0.2566,Yes
KXNBASPREAD-26APR02SASLAC-SAS7,2016,1,5,1,2,"ARIMA(5,1,2)",-9986.26,0.8147,0.8405,0.1703,0.1487,Yes
KXNBATOTAL-26APR02CLEGSW-229,1956,0,0,1,5,"ARIMA(0,1,5)",-8072.17,0.4077,0.0154,0.1646,0.1486,No
KXNBASPREAD-26APR02SASLAC-SAS16,1902,1,1,1,2,"ARIMA(1,1,2)",-8815.06,0.6632,0.2165,0.1835,0.1398,Yes
KXLEAVESTARMER-26APR01,1837,0,5,1,5,"ARIMA(5,1,5)",-8555.45,0.0434,0.4839,0.0397,0.0352,Yes
KXNBASPREAD-26APR02NOPPOR-POR7,1811,1,1,1,1,"ARIMA(1,1,1)",-9014.08,0.9862,1e-4,0.2673,0.2092,No
KXNBASPREAD-26APR02CLEGSW-CLE7,1792,0,1,1,2,"ARIMA(1,1,2)",-6995.08,0.041,0,0.1314,0.1126,No
KXNBASPREAD-26APR02SASLAC-LAC2,1534,0,4,2,2,"ARIMA(4,2,2)",-9050.34,0.5441,0.3989,0.2283,0.1995,Yes
KXNBASPREAD-26APR02CLEGSW-CLE4,1442,1,0,1,2,"ARIMA(0,1,2)",-5321.78,0.6592,3e-4,0.1127,0.0942,No
KXNBATOTAL-26APR02CLEGSW-223,1399,1,0,1,3,"ARIMA(0,1,3)",-6124.88,0.3386,0.0032,0.1682,0.1455,No
KXMARMADROUND-26E8-NEB,1313,0,5,1,4,"ARIMA(5,1,4)",-5230.8,0.9376,0,0.2147,0.1661,No
KXNBASPREAD-26APR02NOPPOR-POR4,1236,1,0,1,1,"ARIMA(0,1,1)",-6148.14,0.904,0.0886,0.244,0.1703,Yes
KXNBATOTAL-26APR02NOPPOR-232,1188,0,0,1,3,"ARIMA(0,1,3)",-5991.35,0.9287,0.1049,0.1435,0.1171,Yes
KXNBASPREAD-26APR02SASLAC-SAS1,995,1,0,1,2,"ARIMA(0,1,2)",-5636.83,0.6327,0.0815,0.3175,0.2763,Yes
KXWTAMATCH-26APR02ZARSTA-STA,932,1,4,1,0,"ARIMA(4,1,0)",-6312.52,0.4827,0.136,0.0363,0.0293,Yes
KXNBATOTAL-26APR02CLEGSW-220,931,1,2,1,1,"ARIMA(2,1,1)",-4503.25,0.3274,0.3377,0.1156,0.1042,Yes
KXNBATOTAL-26APR02CLEGSW-232,916,0,2,1,1,"ARIMA(2,1,1)",-4088.27,0.7499,0.7977,0.1195,0.1009,Yes
KXNBATOTAL-26APR02NOPPOR-229,854,0,2,1,2,"ARIMA(2,1,2)",-3594.79,0.6841,0.5748,0.307,0.2504,Yes
KXNBASPREAD-26APR02CLEGSW-CLE1,826,1,0,1,3,"ARIMA(0,1,3)",-3811.23,0.9475,0.071,0.2048,0.1682,Yes
KXNBATOTAL-26APR02NOPPOR-226,820,0,5,1,0,"ARIMA(5,1,0)",-2910.21,0.8519,0.0585,0.3696,0.285,Yes
KXNBA1HSPREAD-26APR02MINDET-DET1,816,0,2,1,2,"ARIMA(2,1,2)",-2817.4,0.1687,0.3951,0.1374,0.1035,Yes
KXWTAMATCH-26APR02ZARSTA-ZAR,807,0,2,1,4,"ARIMA(2,1,4)",-5245.7,0.7294,0.0571,0.0125,0.0106,Yes
KXMARMADROUND-26F4-NEB,761,0,4,1,2,"ARIMA(4,1,2)",-4024.97,0.4944,0.8602,0.0325,0.0176,Yes
KXNBATOTAL-26APR02NOPPOR-235,711,0,1,1,0,"ARIMA(1,1,0)",-3538.64,0.6782,0.4226,1.0846,0.9587,Yes
KXNBATOTAL-26APR02NOPPOR-241,694,0,5,2,0,"ARIMA(5,2,0)",-3456.97,0.4556,0,0.0431,0.0337,No
KXNBASPREAD-26APR02NOPPOR-POR1,669,1,1,1,0,"ARIMA(1,1,0)",-3185.04,0.8121,0.4329,0.1336,0.1113,Yes
KXNBA1HSPREAD-26APR02PHXCHA-CHA3,554,1,1,1,1,"ARIMA(1,1,1)",-1715.96,0.7199,0.0202,0.1875,0.181,No
KXNBASPREAD-26APR02NOPPOR-POR10,551,1,1,1,2,"ARIMA(1,1,2)",-1695.89,0.6636,6e-4,0.2371,0.1749,No
KXNBATOTAL-26APR02CLEGSW-211,543,1,0,1,1,"ARIMA(0,1,1)",-3010.23,0.8244,0.0205,0.0358,0.0307,No
KXNBATOTAL-26APR02NOPPOR-238,514,0,2,1,0,"ARIMA(2,1,0)",-2518.34,0.2395,0.0701,0.1386,0.1179,Yes
KXNBASPREAD-26APR02CLEGSW-CLE13,511,0,1,1,1,"ARIMA(1,1,1)",-2456.95,0.7077,0.5156,0.0916,0.0768,Yes
KXNBASPREAD-26APR02NOPPOR-NOP2,510,0,0,1,0,"ARIMA(0,1,0)",-2523.61,0.1442,0.1409,0.0455,0.0445,Yes
KXNBATOTAL-26APR02NOPPOR-223,483,1,1,1,0,"ARIMA(1,1,0)",-2124.58,0.9773,0.1628,0.2213,0.2044,Yes
KXNBATOTAL-26APR02CLEGSW-217,461,1,0,1,1,"ARIMA(0,1,1)",-2091.8,0.1948,0.681,0.0642,0.054,Yes
KXUE-RUS26FEB-2.3,418,0,1,1,1,"ARIMA(1,1,1)",-2260.14,0.1578,0.5014,0.0439,0.025,Yes
KXCS2GAME-26APR021900BOSSREGAIN-BOSS,402,1,3,1,1,"ARIMA(3,1,1)",-1645.66,0.1055,0.2727,0.0912,0.08,Yes
KXNBATOTAL-26APR02CLEGSW-235,390,0,1,1,0,"ARIMA(1,1,0)",-1886.11,0.607,0.0624,0.0618,0.0513,Yes
KXNBA1HSPREAD-26APR02NOPPOR-POR3,386,0,1,1,1,"ARIMA(1,1,1)",-1343.05,0.9797,0.5476,0.2608,0.2025,Yes
KXNBA1HTOTAL-26APR02MINDET-109,378,0,0,1,1,"ARIMA(0,1,1)",-764.51,0.8824,0.043,0.2811,0.2464,No
KXNBA1HTOTAL-26APR02PHXCHA-126,372,0,3,1,0,"ARIMA(3,1,0)",-436.48,0.4174,0.0027,0.3498,0.2784,No
KXNBATOTAL-26APR02NOPPOR-247,368,0,2,1,2,"ARIMA(2,1,2)",-1771.52,0.7373,0.748,0.1198,0.0981,Yes
KXNBATOTAL-26APR02NOPPOR-217,363,1,0,1,1,"ARIMA(0,1,1)",-1877.94,0.7314,7e-4,0.1214,0.1059,No
KXNBATOTAL-26APR02CLEGSW-214,341,1,0,1,0,"ARIMA(0,1,0)",-1654.14,0.5827,0.1596,0.0821,0.0662,Yes
KXNBATOTAL-26APR02NOPPOR-244,338,0,3,2,1,"ARIMA(3,2,1)",-1615.59,0.5454,0.5697,0.1096,0.0891,Yes
KXNBATOTAL-26APR02NOPPOR-220,325,1,0,1,1,"ARIMA(0,1,1)",-1528.96,0.9237,0.8784,0.1855,0.1743,Yes
KXNBASPREAD-26APR02CLEGSW-GSW5,309,0,2,1,0,"ARIMA(2,1,0)",-1362.58,0.8119,0.9401,0.0648,0.049,Yes
KXNBA1HTOTAL-26APR02MINDET-112,304,0,2,1,1,"ARIMA(2,1,1)",-561.17,0.0622,0.6664,0.4286,0.3913,Yes
KXNBA1HSPREAD-26APR02PHXCHA-PHX3,302,0,1,1,1,"ARIMA(1,1,1)",-807.16,0.197,0.7738,0.1844,0.1359,Yes
KXNBASPREAD-26APR02CLEGSW-GSW2,298,0,2,1,0,"ARIMA(2,1,0)",-1276.7,0.8457,0.9663,0.2283,0.2132,Yes
KXNBASPREAD-26APR02SASLAC-LAC5,296,0,2,1,2,"ARIMA(2,1,2)",-1590.9,0.0673,0.969,0.0961,0.082,Yes
KXNBA1HSPREAD-26APR02MINDET-DET4,294,0,0,1,1,"ARIMA(0,1,1)",-958.13,0.6133,0.4125,0.3614,0.2981,Yes
KXNBATOTAL-26APR02CLEGSW-241,291,0,0,1,2,"ARIMA(0,1,2)",-1513.07,0.4285,0.8039,0.0684,0.0555,Yes
KXCS2GAME-26APR021900BOSSREGAIN-REGAIN,279,0,0,1,4,"ARIMA(0,1,4)",-1074.48,0.4818,0.0081,0.0721,0.0538,No
KXNCAAHOCKEY-26-UMD,278,0,2,1,2,"ARIMA(2,1,2)",-1274.36,0.1221,0.859,0.038,0.0291,Yes
KXMLBHR-26APR022140ATLAZ-ATLRACUNA13-1,273,0,1,1,2,"ARIMA(1,1,2)",-1266.6,0.3995,0.0751,0.0933,0.082,Yes
KXMLBHR-26APR021410MINKC-KCJCAGLIANONE14-1,258,0,3,1,2,"ARIMA(3,1,2)",-1423.34,0.9545,0.0025,0.1045,0.0858,No
KXNBASPREAD-26APR02NOPPOR-POR13,245,0,0,1,2,"ARIMA(0,1,2)",-1007.22,0.3538,0.7444,0.1288,0.1191,Yes
KXCS2GAME-26APR021000FDBLAR-LAR,240,0,0,1,0,"ARIMA(0,1,0)",-709.5,0.4958,0.9624,0.3974,0.3594,Yes
KXMLBHR-26APR021410MINKC-KCBWITT7-1,225,0,1,1,1,"ARIMA(1,1,1)",-977.41,0.3834,0.6111,0.146,0.1393,Yes
KXTHAILANDPM-26FEB08-ACHA,222,1,2,1,4,"ARIMA(2,1,4)",-675.61,0.6614,1,0.0637,0.0564,Yes
KXUE-RUS26FEB-2.2,221,0,3,1,2,"ARIMA(3,1,2)",-1008.07,0.0826,0.0968,0.0568,0.0397,Yes
KXNBA1HTOTAL-26APR02MINDET-115,220,0,1,1,1,"ARIMA(1,1,1)",-453.03,0.0186,0.9896,0.2335,0.2065,Yes
KXNBAPTS-26APR02PHXCHA-PHXDBOOKER1-25,214,0,0,1,3,"ARIMA(0,1,3)",-615.61,0.8369,0.0397,0.3819,0.3233,No
KXMLBHR-26APR021410MINKC-KCVPASQUANTINO9-1,211,0,5,2,3,"ARIMA(5,2,3)",-1276.65,0.99,0.6048,0.0839,0.0638,Yes
KXNBA2D-26APR02SASLAC-SASSCASTLE5,209,0,4,0,0,"ARIMA(4,0,0)",-511.15,0.954,0.6123,0.1716,0.1192,No
KXNBAPTS-26APR02SASLAC-SASSCASTLE5-20,205,1,0,1,2,"ARIMA(0,1,2)",-577.03,0.9677,0.8921,0.3792,0.3177,Yes
KXCS2GAME-26APR021000FDBLAR-FDB,203,1,1,1,1,"ARIMA(1,1,1)",-547.15,0.2914,0.9888,0.199,0.181,Yes
KXNCAAHOCKEY-26-MSU,203,0,4,1,3,"ARIMA(4,1,3)",-774.34,0.0118,0.9965,0.0733,0.047,Yes
KXUE-MEX26FEB-2.4,203,1,3,1,0,"ARIMA(3,1,0)",-466.32,0.0294,0.4918,0.1676,0.1022,Yes
KXMLBHR-26APR021410MINKC-MINBBUXTON25-1,202,0,0,1,2,"ARIMA(0,1,2)",-1159.77,0.99,0.0414,0.0461,0.0356,No
KXNBASPREAD-26APR02CLEGSW-CLE16,193,0,5,1,1,"ARIMA(5,1,1)",-818.86,0.3706,0.9246,0.0514,0.0406,Yes
KXNBASPREAD-26APR02NOPPOR-NOP5,190,0,1,1,0,"ARIMA(1,1,0)",-850.5,0.5116,0.5541,0.0635,0.0576,Yes
KXNBAPTS-26APR02MINDET-MINJRANDLE30-25,186,1,0,1,1,"ARIMA(0,1,1)",-486.13,0.2191,0.0114,0.3031,0.2711,No
KXNBATOTAL-26APR02CLEGSW-238,185,0,1,1,1,"ARIMA(1,1,1)",-826.1,0.5023,0.4956,0.0857,0.0741,Yes
KXNBA1HSPREAD-26APR02MINDET-MIN2,183,0,0,1,0,"ARIMA(0,1,0)",-314.41,0.2834,0.0178,0.3739,0.3314,No
KXNBASPREAD-26APR02SASLAC-LAC11,183,0,2,2,2,"ARIMA(2,2,2)",-1091.72,0.8726,0.9564,0.0849,0.0749,Yes
KXUE-MEX26FEB-2.5,182,1,0,1,0,"ARIMA(0,1,0)",-408.5,0.99,0.9887,0.3843,0.2216,Yes
KXNBA1HTOTAL-26APR02MINDET-118,180,0,0,1,1,"ARIMA(0,1,1)",-376.7,0.1808,0.0859,0.1201,0.1097,Yes
KXNBASPREAD-26APR02NOPPOR-NOP8,175,0,1,1,0,"ARIMA(1,1,0)",-845.85,0.7788,0.4986,0.068,0.0593,Yes
KXNBAPTS-26APR02SASLAC-SASSCASTLE5-15,172,1,1,0,0,"ARIMA(1,0,0)",-420.89,0.6259,0.0393,0.327,0.2797,No
KXMLBHR-26APR022140ATLAZ-ATLMOLSON28-1,165,1,0,1,1,"ARIMA(0,1,1)",-365.31,0.99,6e-4,0.6778,0.5861,No
KXNBASPREAD-26APR02SASLAC-LAC8,163,0,1,2,1,"ARIMA(1,2,1)",-871.3,0.4258,0.49,0.0691,0.0552,Yes
KXMLBHR-26APR022140ATLAZ-AZCCARROLL7-1,161,0,1,2,2,"ARIMA(1,2,2)",-1038,0.99,0.7428,0.0614,0.046,Yes
KXNBA1HTOTAL-26APR02PHXCHA-117,159,1,0,1,1,"ARIMA(0,1,1)",-259.35,0.4611,0.0034,0.0544,0.0518,No
KXNCAAHOCKEY-26-WMU,155,0,2,0,2,"ARIMA(2,0,2)",-843.85,0.6504,0.7969,0.0415,0.0335,No
KXNBAPTS-26APR02SASLAC-SASDFOX4-25,154,0,0,1,1,"ARIMA(0,1,1)",-318.8,0.8204,0.8857,0.3156,0.289,Yes
KXNBASPREAD-26APR02CLEGSW-CLE19,152,0,1,1,0,"ARIMA(1,1,0)",-709.4,0.5175,0.9317,0.0224,0.0148,Yes
KXMLBHR-26APR022140ATLAZ-AZKMARTE4-1,141,0,2,2,1,"ARIMA(2,2,1)",-923.5,0.99,0.1345,0.0785,0.0603,Yes
KXNBASPREAD-26APR02CLEGSW-CLE22,141,0,0,1,3,"ARIMA(0,1,3)",-803.25,0.4882,0.7389,0.0793,0.0765,Yes
KXMLBKS-26APR022140ATLAZ-ATLRLPEZ40-5,136,0,3,1,0,"ARIMA(3,1,0)",-383.42,0.1689,0.2833,0.2295,0.1528,Yes
KXNBA1HTOTAL-26APR02NOPPOR-126,134,0,1,1,3,"ARIMA(1,1,3)",-168.26,0.8227,0.925,0.651,0.6348,Yes
KXMLBHR-26APR022140ATLAZ-ATLARILEY27-1,133,0,2,1,2,"ARIMA(2,1,2)",-622.89,0.7559,0.1866,0.088,0.0636,Yes
KXNBASPREAD-26APR02CLEGSW-CLE25,133,0,0,1,1,"ARIMA(0,1,1)",-752.4,0.5802,0.8158,0.036,0.0315,Yes
KXNBAAST-26APR02PHXCHA-PHXDBOOKER1-6,132,1,2,1,1,"ARIMA(2,1,1)",-416.54,0.7813,0.2383,0.2867,0.2567,Yes
KXNBAPTS-26APR02PHXCHA-CHALBALL1-20,132,0,0,1,2,"ARIMA(0,1,2)",-376.38,0.99,0.2354,0.2453,0.1811,Yes
KXUE-BR26FEB-5.3,129,1,0,1,2,"ARIMA(0,1,2)",-190.49,0.0734,0.1614,0.1298,0.1059,Yes
KXNBA1HWINNER-26APR02CLEGSW-CLE,128,1,0,1,1,"ARIMA(0,1,1)",-433.43,0.0925,0.8803,0.0757,0.067,Yes
KXMARMADROUND-26T2-NEB,125,0,5,1,0,"ARIMA(5,1,0)",-482.23,0.4395,0.1344,0.0255,0.0188,Yes
KXNBA1HTOTAL-26APR02NOPPOR-123,124,1,1,1,1,"ARIMA(1,1,1)",-288.82,0.5852,0.5478,0.2952,0.2479,Yes
KXNBAPTS-26APR02NOPPOR-NOPZWILLIAMSON1-20,119,0,2,1,1,"ARIMA(2,1,1)",-245.46,0.4706,0.576,0.2334,0.2097,Yes
KXNCAAHOCKEY-26-QUI,118,0,1,1,2,"ARIMA(1,1,2)",-527.29,0.3436,0.5789,0.0353,0.0262,Yes
KXUE-JPN26FEB-2.6,118,0,1,1,2,"ARIMA(1,1,2)",-208.44,0.7086,0.2441,0.2002,0.1533,Yes
KXMLBHR-26APR021410MINKC-KCSPEREZ13-1,117,0,0,1,0,"ARIMA(0,1,0)",-656.91,0.9847,0.0267,0.1122,0.1049,No
KXUE-BR26FEB-5.4,113,1,0,1,1,"ARIMA(0,1,1)",-263.25,0.3813,0.7929,0.0665,0.058,Yes
KXNBAPTS-26APR02NOPPOR-NOPDQUEEN22-10,111,1,0,1,1,"ARIMA(0,1,1)",-255.72,0.7989,0.4771,0.4376,0.4054,Yes
KXNBAPTS-26APR02MINDET-DETDROBINSON55-15,108,1,0,1,1,"ARIMA(0,1,1)",-229.67,0.7183,0.8729,0.7345,0.7168,Yes
KXNBAPTS-26APR02PHXCHA-PHXDBOOKER1-30,107,0,3,1,2,"ARIMA(3,1,2)",-314.9,0.99,0.754,0.2613,0.1742,Yes
KXALBUMRELEASEDATELUCKI-APR01-26,106,0,5,1,1,"ARIMA(5,1,1)",-123.32,0.01,0.0049,0.1024,0.0956,No
KXNBAPTS-26APR02MINDET-MINDDIVINCENZO0-15,105,0,0,1,1,"ARIMA(0,1,1)",-451.05,0.2652,0.9904,0.0493,0.0292,Yes
KXNBAPTS-26APR02PHXCHA-PHXDBROOKS3-20,104,0,1,0,0,"ARIMA(1,0,0)",-270.43,0.0632,0.0701,0.195,0.1576,No
KXMLBHR-26APR021410MINKC-KCMGARCIA11-1,103,0,0,2,1,"ARIMA(0,2,1)",-704.12,0.9719,0.0045,0.0435,0.0295,No
KXNBA1HWINNER-26APR02CLEGSW-GSW,103,0,1,1,0,"ARIMA(1,1,0)",-380.37,0.9158,0.8438,0.1606,0.1428,Yes
KXNBAREB-26APR02PHXCHA-PHXJGREEN4-4,103,1,0,1,1,"ARIMA(0,1,1)",-357.27,0.99,0.0028,0.2881,0.2214,No
KXNCAAHOCKEY-26-PSU,102,0,0,1,1,"ARIMA(0,1,1)",-505.48,0.01,0.3867,0.0243,0.0205,Yes
KXNBAPTS-26APR02MINDET-MINJRANDLE30-20,100,1,0,1,1,"ARIMA(0,1,1)",-409.91,0.3427,0.3897,0.085,0.082,Yes
KXMLBHIT-26APR021410MINKC-KCBWITT7-1,99,1,1,0,1,"ARIMA(1,0,1)",-109.94,0.6161,0.8513,0.4827,0.4621,No
KXMLBHRR-26APR022140ATLAZ-AZCCARROLL7-2,97,0,3,0,2,"ARIMA(3,0,2)",-267.58,0.99,1,0.1978,0.0933,No
KXNBAPTS-26APR02PHXCHA-PHXDBROOKS3-15,97,0,2,0,1,"ARIMA(2,0,1)",-190.99,0.2037,0.9631,0.2391,0.17,No
KXMLBKS-26APR022140ATLAZ-AZRNELSON19-5,93,0,3,1,1,"ARIMA(3,1,1)",-258.91,0.4909,0.8401,0.2718,0.1883,Yes
KXNBA1HSPREAD-26APR02NOPPOR-POR6,93,0,1,1,1,"ARIMA(1,1,1)",-202.74,0.3217,0.5247,0.1489,0.1332,Yes
KXMLBHR-26APR022140ATLAZ-ATLMHARRIS23-1,91,0,4,1,0,"ARIMA(4,1,0)",-346.56,0.9009,0.7754,0.0902,0.0837,Yes
KXNBA1HTOTAL-26APR02MINDET-106,89,1,0,1,0,"ARIMA(0,1,0)",-251.11,0.3258,0.5411,0,0,Yes
KXNBAPTS-26APR02SASLAC-SASDHARPER2-15,88,1,0,1,1,"ARIMA(0,1,1)",-261.71,0.9817,0.6461,0.2533,0.2073,Yes
KXNCAAHOCKEY-26-PRO,87,0,0,1,2,"ARIMA(0,1,2)",-340.87,0.0286,0.4314,0.0204,0.0139,Yes
KXNBA1HSPREAD-26APR02PHXCHA-PHX6,86,0,0,1,1,"ARIMA(0,1,1)",-183.86,0.728,0.8233,0.1897,0.1409,Yes
KXUE-JPN26FEB-2.7,86,0,2,1,2,"ARIMA(2,1,2)",-158.11,0.0884,0.9999,0.2209,0.1023,Yes
KXNBAPTS-26APR02PHXCHA-CHABMILLER24-20,85,0,0,1,1,"ARIMA(0,1,1)",-103.09,0.3036,0.8196,0.1717,0.1047,Yes
KXNBAPTS-26APR02PHXCHA-CHAKKNUEPPEL7-20,84,1,0,1,1,"ARIMA(0,1,1)",-158.97,0.6677,0,0.119,0.1165,No
KXCS2MAP-26APR021000FDBLAR-2-LAR,83,0,2,1,0,"ARIMA(2,1,0)",-133.86,0.886,0.9453,0.5254,0.432,Yes
KXNBA1HSPREAD-26APR02NOPPOR-NOP6,83,0,1,0,1,"ARIMA(1,0,1)",-64.15,0.4835,0.2003,0.3718,0.3411,No
KXNBA1HTOTAL-26APR02PHXCHA-123,83,1,1,1,0,"ARIMA(1,1,0)",-175.86,0.2636,0.8335,0.2998,0.2559,Yes
KXMLBHR-26APR021410MINKC-MINMWALLNER38-1,82,1,2,1,2,"ARIMA(2,1,2)",-83.43,0.7595,0.1578,0.8848,0.8841,Yes
KXMLBHR-26APR022140ATLAZ-AZGPERDOMO2-1,81,0,3,2,1,"ARIMA(3,2,1)",-493.67,0.99,0.8064,0.0358,0.0239,Yes
KXMLBHR-26APR021410MINKC-MINRLEWIS23-1,80,0,0,1,0,"ARIMA(0,1,0)",-460.87,0.2738,0.9791,0.0824,0.0676,Yes
KXNBA1HTOTAL-26APR02PHXCHA-120,80,1,0,1,1,"ARIMA(0,1,1)",-125.97,0.4509,0.6046,0.1577,0.1538,Yes
KXNBA1HTOTAL-26APR02PHXCHA-114,79,1,0,1,3,"ARIMA(0,1,3)",-126.76,0.6014,0.9467,0.1899,0.137,Yes
KXNBA3PT-26APR02PHXCHA-PHXDBOOKER1-3,79,1,3,1,0,"ARIMA(3,1,0)",-183.93,0.5233,0.6107,0.2408,0.2313,Yes
KXNBASPREAD-26APR02NOPPOR-POR22,79,0,2,1,0,"ARIMA(2,1,0)",-465.77,0.5577,0.7124,0.0237,0.0234,Yes
KXNBAPTS-26APR02MINDET-MINRGOBERT27-10,77,0,0,1,0,"ARIMA(0,1,0)",-157.35,0.245,0.9904,0.0911,0.0431,Yes
KXCS2MAP-26APR021000FDBLAR-2-FDB,74,1,1,1,0,"ARIMA(1,1,0)",-95.75,0.6341,0.5525,0.1254,0.1213,Yes
KXMLBHR-26APR021410MINKC-MINLKEASCHALL15-1,74,0,0,1,1,"ARIMA(0,1,1)",-393.77,0.9769,0.9996,0.0462,0.036,Yes
KXNBASPREAD-26APR02NOPPOR-POR16,74,0,3,1,0,"ARIMA(3,1,0)",-319.57,0.4829,0.9661,0.0522,0.0476,Yes
KXUE-MEX26FEB-2.6,74,0,2,1,2,"ARIMA(2,1,2)",-169.01,0.9069,0.6759,0.0584,0.0445,Yes
KXNBA3PT-26APR02PHXCHA-PHXDBOOKER1-2,71,1,0,1,1,"ARIMA(0,1,1)",-155.03,0.5301,0.9707,0.3314,0.309,Yes
KXNBAPTS-26APR02MINDET-DETATHOMPSON9-10,71,0,0,1,1,"ARIMA(0,1,1)",-113.91,0.5114,0.0058,0.1515,0.094,No
KXNBAPTS-26APR02PHXCHA-PHXJGREEN4-20,71,1,0,1,0,"ARIMA(0,1,0)",-197.88,0.3529,0.0512,0.1443,0.1133,Yes
KXNBASPREAD-26APR02NOPPOR-POR19,70,0,0,1,1,"ARIMA(0,1,1)",-344.87,0.6287,0.3546,0.0254,0.0174,Yes
KXNBA2D-26APR02MINDET-MINRGOBERT27,68,0,2,1,0,"ARIMA(2,1,0)",-133.56,0.9624,0.7497,0.3262,0.2914,Yes
KXNBA3PT-26APR02SASLAC-LACDGARLAND10-3,68,0,4,1,1,"ARIMA(4,1,1)",-438.15,0.6081,0.9857,0.0148,0.0088,Yes
KXNBAPTS-26APR02SASLAC-SASDVASSELL24-15,67,0,0,1,0,"ARIMA(0,1,0)",-163,0.1183,0.827,0.2131,0.1671,Yes
KXNBAAST-26APR02SASLAC-SASSCASTLE5-8,66,0,2,0,2,"ARIMA(2,0,2)",-248,0.3287,0.9987,0.1616,0.1282,No
KXNBA1HSPREAD-26APR02NOPPOR-NOP3,65,1,1,0,0,"ARIMA(1,0,0)",-30.06,0.9247,0.029,0.4782,0.4008,No
KXNBA3PT-26APR02MINDET-DETDROBINSON55-3,65,1,0,1,0,"ARIMA(0,1,0)",-135.1,0.238,0.0079,0.4422,0.4408,No
KXNBATEAMTOTAL-26APR02SASLAC-LAC105,65,0,0,1,1,"ARIMA(0,1,1)",-57.15,0.3961,0.4197,0.2728,0.258,Yes
KXUE-BR26FEB-5.2,65,1,1,1,1,"ARIMA(1,1,1)",-91.29,0.0381,0.7716,0.1722,0.1208,Yes
KXNBATEAMTOTAL-26APR02SASLAC-SAS118,63,0,0,0,2,"ARIMA(0,0,2)",-55.2,0.4683,0.739,0.7135,0.6838,No
KXMLBHR-26APR022140ATLAZ-ATLOALBIES1-1,62,0,0,1,4,"ARIMA(0,1,4)",-296.95,0.3601,0.9956,0.0567,0.0492,Yes
KXNBAPTS-26APR02MINDET-MINRGOBERT27-15,62,0,2,0,0,"ARIMA(2,0,0)",-356.65,0.01,0.2186,0.0552,0.0431,No
KXNBAPTS-26APR02NOPPOR-PORTCAMARA33-15,62,1,0,2,2,"ARIMA(0,2,2)",-232.98,0.8364,0.6516,0.6084,0.5281,Yes
KXNBAPTS-26APR02PHXCHA-PHXDBOOKER1-20,62,1,0,1,0,"ARIMA(0,1,0)",-298.99,0.9319,0.9388,0.2726,0.2413,Yes
KXNBAAST-26APR02MINDET-DETTHARRIS12-4,60,0,0,1,0,"ARIMA(0,1,0)",-171.11,0.99,1,0.2221,0.1219,Yes
KXNBAPTS-26APR02MINDET-MINDDIVINCENZO0-10,57,0,0,1,0,"ARIMA(0,1,0)",-140.5,0.99,0.7213,0.4564,0.4149,Yes
KXNBAREB-26APR02SASLAC-SASSCASTLE5-6,57,0,0,1,1,"ARIMA(0,1,1)",-285.83,0.9189,0.6973,0.0357,0.0289,Yes
KXNBATEAMTOTAL-26APR02CLEGSW-CLE119,57,0,0,1,0,"ARIMA(0,1,0)",-128.05,0.9225,0.6557,0.3435,0.3154,Yes
KXNBA3PT-26APR02PHXCHA-CHALBALL1-3,56,0,2,1,1,"ARIMA(2,1,1)",-114.25,0.99,0.9342,0.3021,0.2412,Yes
KXNBAPTS-26APR02NOPPOR-PORDCLINGAN23-15,55,0,0,1,0,"ARIMA(0,1,0)",-160,0.7566,0.4985,0.2699,0.2473,Yes
KXNBAPTS-26APR02SASLAC-SASSCASTLE5-25,55,0,3,1,0,"ARIMA(3,1,0)",-157.35,0.2842,0.9123,0.1604,0.1391,Yes
KXUE-JPN26FEB-2.5,55,1,1,1,1,"ARIMA(1,1,1)",-152.73,0.5283,0.5088,0.0255,0.0232,Yes
KXNBAPTS-26APR02PHXCHA-CHAKKNUEPPEL7-15,53,1,0,1,0,"ARIMA(0,1,0)",-109.47,0.6321,0.4278,0.1401,0.1195,Yes
KXNBAPTS-26APR02SASLAC-SASDHARPER2-10,53,1,0,1,0,"ARIMA(0,1,0)",-139.66,0.7163,0.0469,0.2065,0.1873,No
KXMLBHIT-26APR021410MINKC-MINMWALLNER38-1,52,1,0,1,1,"ARIMA(0,1,1)",-46.38,0.766,0.5476,0.212,0.1909,Yes
KXNBA2D-26APR02PHXCHA-CHAMDIABATE14,52,0,0,1,2,"ARIMA(0,1,2)",-102.04,0.9579,0.8326,0.2646,0.2608,Yes
KXNBA3PT-26APR02SASLAC-SASSCASTLE5-3,52,1,0,1,1,"ARIMA(0,1,1)",-68.57,0.6424,0.6931,0.1736,0.1488,Yes
KXNBAPTS-26APR02MINDET-DETTHARRIS12-10,52,0,0,1,0,"ARIMA(0,1,0)",-106.15,0.5543,0.7121,0.0341,0.0273,Yes
KXNBATEAMTOTAL-26APR02NOPPOR-POR121,52,0,0,1,1,"ARIMA(0,1,1)",-84.37,0.6167,0.1972,0.2727,0.2574,Yes
KXUE-MEX26FEB-2.3,52,1,1,0,0,"ARIMA(1,0,0)",-50.42,0.2577,0.4088,0.3646,0.2464,No
KXNBA1HTOTAL-26APR02MINDET-121,50,0,0,1,1,"ARIMA(0,1,1)",-46.93,0.2252,0.9857,0.4346,0.4345,Yes
KXNBABLK-26APR02LALOKC-OKCCHOLMGREN7-1,50,1,1,0,0,"ARIMA(1,0,0)",-218.16,0.1009,1,0.0765,0.041,No
KXMLBHIT-26APR021410MINKC-MINRLEWIS23-1,49,1,0,1,1,"ARIMA(0,1,1)",-75.22,0.8831,0.8402,0.5672,0.5546,Yes
KXNBA2D-26APR02SASLAC-LACBLOPEZ11,49,0,1,1,1,"ARIMA(1,1,1)",-127.8,0.0521,0.9995,0.0785,0.039,Yes
KXCS2TOTALMAPS-26APR021000FDBLAR-3,48,1,0,1,0,"ARIMA(0,1,0)",-111.48,0.2471,0.5565,0.1245,0.122,Yes
KXNBA3PT-26APR02SASLAC-LACKLEONARD2-3,48,1,0,1,1,"ARIMA(0,1,1)",-60.21,0.5059,0.5557,0.2547,0.2167,Yes
KXNBAREB-26APR02NOPPOR-PORDCLINGAN23-12,48,0,0,0,1,"ARIMA(0,0,1)",-124.57,0.01,0.8851,0.1756,0.1422,No
KXNBA1HTOTAL-26APR02NOPPOR-129,47,0,4,1,0,"ARIMA(4,1,0)",-69.7,0.4485,0.8846,0.1419,0.1377,Yes
KXNBAPTS-26APR02PHXCHA-CHACWHITE3-15,47,1,0,1,0,"ARIMA(0,1,0)",-149.05,0.6839,0.7746,0.0602,0.048,Yes
KXNBATEAMTOTAL-26APR02SASLAC-SAS115,47,1,1,0,2,"ARIMA(1,0,2)",-89.31,0.9827,0.6538,0.4639,0.406,No
KXNBA1HSPREAD-26APR02MINDET-MIN5,46,0,0,1,0,"ARIMA(0,1,0)",-42.48,0.5682,0.2639,0.0515,0.025,Yes
KXNBA3PT-26APR02CLEGSW-CLEDMITCHELL45-4,45,1,0,1,1,"ARIMA(0,1,1)",-91.8,0.2204,0.7002,0.0757,0.0742,Yes
KXNBA3PT-26APR02PHXCHA-CHAKKNUEPPEL7-4,45,1,0,1,1,"ARIMA(0,1,1)",-66.27,0.5754,0.46,0.1317,0.1311,Yes
KXTHAILANDPM-26FEB08-NRUE,45,0,0,1,0,"ARIMA(0,1,0)",-166.54,0.084,0.9703,0.0213,0.0211,Yes
KXUE-BR26FEB-5.6,45,1,0,1,0,"ARIMA(0,1,0)",-64.47,0.5421,0.059,0.3228,0.2905,Yes
KXNBA2D-26APR02SASLAC-SASDFOX4,44,0,1,0,0,"ARIMA(1,0,0)",-24,0.6792,0.5909,0.1779,0.1436,No
KXNBAPTS-26APR02NOPPOR-PORTCAMARA33-20,44,1,2,1,0,"ARIMA(2,1,0)",-93.31,0.01,0.1271,0.1268,0.1189,Yes
KXNBAPTS-26APR02PHXCHA-CHALBALL1-15,44,1,0,1,0,"ARIMA(0,1,0)",-210.72,0.9529,0.6439,0.0691,0.0657,Yes
KXNBATEAMTOTAL-26APR02SASLAC-SAS121,44,0,2,1,0,"ARIMA(2,1,0)",-85.43,0.5987,0.4474,0.0919,0.0807,Yes
KXNBA3PT-26APR02PHXCHA-CHAKKNUEPPEL7-3,43,1,0,1,1,"ARIMA(0,1,1)",-94.8,0.3147,0.8474,0.0584,0.0548,Yes
KXNBAPTS-26APR02MINDET-DETDROBINSON55-10,43,1,1,1,0,"ARIMA(1,1,0)",-136.65,0.8741,0.629,0.1015,0.0944,Yes
KXNBATEAMTOTAL-26APR02CLEGSW-CLE116,43,1,1,2,2,"ARIMA(1,2,2)",-117.57,0.99,0.6376,0.2109,0.1658,Yes
KXNBATEAMTOTAL-26APR02NOPPOR-NOP113,43,0,0,1,0,"ARIMA(0,1,0)",-100.06,0.9599,0.3168,0.1366,0.1089,Yes
KXUE-BR26FEB-5.5,43,1,0,1,3,"ARIMA(0,1,3)",-67.92,0.01,0.9988,0.0614,0.0494,Yes
KXMLBHR-26APR022140ATLAZ-ATLMOLSON28-2,42,0,0,1,0,"ARIMA(0,1,0)",-25.9,0.3999,0.8346,0.7839,0.6266,Yes
KXNBA3PT-26APR02NOPPOR-PORDAVDIJA8-2,42,1,0,1,0,"ARIMA(0,1,0)",-112.79,0.645,0.0988,0.0137,0.0122,Yes
KXNBAPTS-26APR02PHXCHA-CHAMBRIDGES0-15,42,1,0,1,0,"ARIMA(0,1,0)",-104.88,0.5794,0.1745,0,0,Yes
KXMLBHIT-26APR021410MINKC-KCJCAGLIANONE14-1,41,1,0,1,0,"ARIMA(0,1,0)",-114.33,0.6725,0.8294,0.1615,0.149,Yes
KXNBAPTS-26APR02MINDET-MINJRANDLE30-30,41,0,0,1,0,"ARIMA(0,1,0)",-70,0.1922,0.5416,0.1225,0.1156,Yes
KXMLBTB-26APR022140ATLAZ-ATLRACUNA13-2,40,0,0,0,1,"ARIMA(0,0,1)",-82.63,0.99,1,0.2526,0.1288,No
KXNBAPTS-26APR02PHXCHA-CHAMBRIDGES0-20,40,1,0,1,0,"ARIMA(0,1,0)",-96.16,0.5521,0.9273,0.0933,0.0793,Yes
KXNBAREB-26APR02MINDET-MINRGOBERT27-11,40,0,0,1,1,"ARIMA(0,1,1)",-145.85,0.5052,0.9593,0.0751,0.045,Yes
KXNBA1HTOTAL-26APR02MINDET-103,39,1,0,1,0,"ARIMA(0,1,0)",-26.79,0.0996,0.612,0.345,0.1725,Yes
KXNBAPTS-26APR02PHXCHA-CHABMILLER24-15,39,1,0,1,0,"ARIMA(0,1,0)",-119.93,0.5375,0.7845,0.0306,0.0238,Yes
KXNBATEAMTOTAL-26APR02SASLAC-LAC102,39,0,0,1,1,"ARIMA(0,1,1)",-25.59,0.3785,0.3936,0.3448,0.2712,Yes
KXNBA3D-26APR02CLEGSW-CLEJHARDEN1,38,0,2,0,0,"ARIMA(2,0,0)",-87.04,0.0822,0.7616,0.0136,0.0102,No
KXNBA3PT-26APR02CLEGSW-CLEDMITCHELL45-3,38,1,3,1,0,"ARIMA(3,1,0)",-76.18,0.5378,0.7969,0.0076,0.006,Yes
KXNBAAST-26APR02PHXCHA-CHALBALL1-7,38,1,0,1,1,"ARIMA(0,1,1)",-46.1,0.9849,0.9565,0.4124,0.4021,Yes
KXNBAPTS-26APR02NOPPOR-PORJHOLIDAY5-20,38,1,0,1,0,"ARIMA(0,1,0)",-68.13,0.4754,0.6361,0.1714,0.1625,Yes
KXMLBHR-26APR022140ATLAZ-AZCCARROLL7-2,37,0,2,0,0,"ARIMA(2,0,0)",-307.73,0.7822,0.7806,0.0087,0.0075,No
KXNBA3PT-26APR02PHXCHA-CHALBALL1-4,37,0,0,1,3,"ARIMA(0,1,3)",-64.47,0.9883,0.7967,0.3106,0.2416,Yes
KXNBA3PT-26APR02SASLAC-SASSCASTLE5-2,37,1,0,1,1,"ARIMA(0,1,1)",-72.84,0.6593,0.1655,0.0537,0.0437,Yes
KXNBAAST-26APR02MINDET-MINJRANDLE30-5,37,1,0,1,0,"ARIMA(0,1,0)",-74.55,0.7909,0.9979,0.4708,0.4707,Yes
KXNBAPTS-26APR02PHXCHA-PHXJGREEN4-25,37,1,0,1,0,"ARIMA(0,1,0)",-34.77,0.4516,0.0097,0.1259,0.0762,No
KXCS2GAME-26APR021300HERPGE-HER,36,1,0,1,1,"ARIMA(0,1,1)",-199.84,0.8538,0.5729,0.0219,0.0194,Yes
KXNBAREB-26APR02PHXCHA-CHAMDIABATE14-10,36,1,0,1,1,"ARIMA(0,1,1)",-120.67,0.4445,0.9989,0.0079,0.0063,Yes
KXNBAREB-26APR02SASLAC-LACKLEONARD2-6,36,1,0,1,0,"ARIMA(0,1,0)",-125.46,0.6348,0.9962,0.0316,0.03,Yes
KXCS2GAME-26APR021300HERPGE-PGE,35,0,3,1,0,"ARIMA(3,1,0)",-154.88,0.8851,0.8795,0.0166,0.0143,Yes
KXMLBHIT-26APR021410MINKC-MINBBUXTON25-1,35,0,0,0,1,"ARIMA(0,0,1)",-15.88,0.01,0.4329,0.5169,0.4519,No
KXMLBHR-26APR021410MINKC-KCJCAGLIANONE14-2,35,0,3,1,0,"ARIMA(3,1,0)",-278.16,0.6551,0.8751,0.0055,0.0054,Yes
KXMLBKS-26APR022140ATLAZ-ATLRLPEZ40-4,35,0,0,1,0,"ARIMA(0,1,0)",-40.7,0.8803,0.9556,0.5369,0.4989,Yes
KXNBA2D-26APR02CLEGSW-CLEJHARDEN1,34,0,0,1,0,"ARIMA(0,1,0)",-93.7,0.8872,0.8703,0.0416,0.0299,Yes
KXNBA2D-26APR02PHXCHA-CHAKKNUEPPEL7,34,0,2,0,0,"ARIMA(2,0,0)",-129.99,0.01,0.9914,0.0723,0.055,No
KXNBAREB-26APR02MINDET-MINRGOBERT27-12,34,0,0,0,0,"ARIMA(0,0,0)",-150.04,0.3269,0.8876,0.0494,0.037,No
KXMLBHRR-26APR021410MINKC-MINBBUXTON25-2,33,0,0,0,1,"ARIMA(0,0,1)",-32.84,0.0108,0.9857,0.3837,0.2925,No
KXMLBKS-26APR022140ATLAZ-ATLRLPEZ40-6,33,0,0,1,0,"ARIMA(0,1,0)",-108.55,0.99,0.9985,0.1834,0.1588,Yes
KXNBA2D-26APR02SASLAC-LACKLEONARD2,33,0,1,0,0,"ARIMA(1,0,0)",-81,0.99,0.3008,0.2626,0.2271,No
KXNBAPTS-26APR02PHXCHA-PHXDBOOKER1-35,33,0,0,1,0,"ARIMA(0,1,0)",-70.62,0.6815,0.4237,0.1704,0.1286,Yes
KXNBAREB-26APR02NOPPOR-NOPZWILLIAMSON1-6,32,0,0,0,0,"ARIMA(0,0,0)",-43.46,0.9281,0.1661,0.2509,0.1743,No
KXMLBHIT-26APR021410MINKC-MINLKEASCHALL15-1,31,1,0,1,0,"ARIMA(0,1,0)",-54.77,0.371,0.4794,0.1535,0.0957,Yes
KXMLBHR-26APR022140ATLAZ-AZKMARTE4-2,31,0,0,0,1,"ARIMA(0,0,1)",-238.53,0.3138,0.5627,0.0053,0.0051,No
KXNBA1HSPREAD-26APR02PHXCHA-CHA6,31,0,0,1,0,"ARIMA(0,1,0)",-35.19,0.2088,0.6005,0.284,0.2643,Yes
KXNBAPTS-26APR02NOPPOR-NOPZWILLIAMSON1-15,31,1,0,1,0,"ARIMA(0,1,0)",-37.54,0.7048,0.0349,0.22,0.2132,No
KXNBAPTS-26APR02PHXCHA-PHXJGREEN4-15,31,1,0,1,0,"ARIMA(0,1,0)",-96.44,0.5883,0.4067,0.1697,0.1601,Yes
KXNBAREB-26APR02MINDET-MINRGOBERT27-10,31,0,0,1,0,"ARIMA(0,1,0)",-40.07,0.7312,0.3669,0.4577,0.3572,Yes
KXNBAREB-26APR02SASLAC-SASSCASTLE5-5,31,0,0,1,0,"ARIMA(0,1,0)",-158.29,0.8371,0.5396,0.0076,0.0057,Yes
KXMLBHIT-26APR021410MINKC-KCSPEREZ13-1,30,1,0,1,0,"ARIMA(0,1,0)",-18.5,0.4108,0.9078,0.5847,0.56,Yes
KXMLBHRR-26APR021410MINKC-KCBWITT7-3,30,0,0,0,0,"ARIMA(0,0,0)",-56.53,0.7396,0.9999,0.1941,0.0937,No
KXNBA1HTOTAL-26APR02NOPPOR-120,30,1,0,1,0,"ARIMA(0,1,0)",-26.79,0.4182,0.5619,0.2522,0.2494,Yes
KXNBAPTS-26APR02SASLAC-SASDHARPER2-20,30,0,1,0,0,"ARIMA(1,0,0)",-13.98,0.6106,0.8253,0.053900000000000003,0.03,No
KXNBAREB-26APR02PHXCHA-CHAMBRIDGES0-6,30,0,0,1,1,"ARIMA(0,1,1)",-226.43,0.6116,0.9981,0.0129,0.0123,Yes
KXMLBKS-26APR022140ATLAZ-AZRNELSON19-4,29,0,1,0,0,"ARIMA(1,0,0)",-4.79,0.5615,0.7406,0.848,0.7717,No
KXNBA3PT-26APR02MINDET-DETTHARRIS12-1,29,0,0,1,0,"ARIMA(0,1,0)",-61.54,0.8076,0.7458,0.0739,0.07,Yes
KXNBAPTS-26APR02NOPPOR-NOPSBEY41-15,29,1,0,1,0,"ARIMA(0,1,0)",-54.26,0.9515,0.5029,0.2844,0.2825,Yes
KXNBAPTS-26APR02PHXCHA-PHXGALLEN8-10,29,1,0,1,0,"ARIMA(0,1,0)",-46.1,0.6492,0.0152,0.213,0.208,No
KXNBAREB-26APR02SASLAC-LACKLEONARD2-7,29,0,0,0,1,"ARIMA(0,0,1)",-32.48,0.7633,0.9785,0.2583,0.18,No
KXNBATEAMTOTAL-26APR02CLEGSW-CLE113,29,1,0,1,0,"ARIMA(0,1,0)",-47.3,0.99,0.7735,0.3412,0.3078,Yes
KXNBATEAMTOTAL-26APR02SASLAC-LAC108,29,0,2,0,0,"ARIMA(2,0,0)",2.72,0.9051,0.9769,0.5725,0.4548,No
KXUE-MEX26FEB-2.9,29,0,0,1,0,"ARIMA(0,1,0)",-178.5,0.7718,0.8049,0.0091,0.005,Yes
KXMLBHIT-26APR021410MINKC-KCMGARCIA11-1,28,1,0,1,0,"ARIMA(0,1,0)",-28.99,0.6126,0.2192,0.2754,0.2565,Yes
KXMLBHIT-26APR022140ATLAZ-ATLRACUNA13-1,28,1,3,1,0,"ARIMA(3,1,0)",-8,0.506,0.978,0.2817,0.2812,Yes
KXMLBTB-26APR021410MINKC-KCBWITT7-2,28,0,1,0,2,"ARIMA(1,0,2)",-50.7,0.3106,0.9328,0.2908,0.2546,No
KXNBA2D-26APR02PHXCHA-CHALBALL1,28,1,0,1,3,"ARIMA(0,1,3)",-49.47,0.5147,0.9152,0.3298,0.3204,Yes
KXNBA2HWINNER-26APR02CLEGSW-CLE,28,0,1,0,0,"ARIMA(1,0,0)",-14.95,0.7497,0.7895,0.6694,0.6677,No
KXNBAPTS-26APR02PHXCHA-CHAMBRIDGES0-25,28,1,0,1,1,"ARIMA(0,1,1)",-16.32,0.8222,0.0957,0.1909,0.19,Yes
KXNBAREB-26APR02MINDET-MINDDIVINCENZO0-4,28,0,0,0,0,"ARIMA(0,0,0)",-83.98,0.6416,1,0.1075,0.0533,No
KXMLBHIT-26APR022140ATLAZ-ATLMOLSON28-1,27,1,0,1,0,"ARIMA(0,1,0)",-67.65,0.581,0.9995,0.0041,0.0017,Yes
KXMLBHR-26APR022140ATLAZ-AZNARENADO28-1,27,0,0,1,0,"ARIMA(0,1,0)",-146.17,0.967,0.2993,0.0818,0.0792,Yes
KXNBA3PT-26APR02PHXCHA-CHAMBRIDGES0-2,27,1,0,1,0,"ARIMA(0,1,0)",-51.82,0.9129,0.1618,0.0686,0.0667,Yes
KXNBAPTS-26APR02NOPPOR-NOPHJONES2-10,27,0,0,1,0,"ARIMA(0,1,0)",-18.01,0.4224,0.5575,0.5451,0.5048,Yes
KXNBAPTS-26APR02NOPPOR-PORDAVDIJA8-20,27,1,1,1,0,"ARIMA(1,1,0)",-109.84,0.478,0.9197,0.0455,0.0402,Yes
KXNBAPTS-26APR02NOPPOR-PORDAVDIJA8-25,27,1,0,1,0,"ARIMA(0,1,0)",-22.16,0.608,0.1476,0.2356,0.2082,Yes
KXMLBHIT-26APR021410MINKC-KCVPASQUANTINO9-1,26,1,0,1,0,"ARIMA(0,1,0)",-55.49,0.6492,0.5833,0.204,0.197,Yes
KXMLBHRR-26APR022140ATLAZ-AZGPERDOMO2-2,26,0,0,1,0,"ARIMA(0,1,0)",-41.98,0.8466,1,0.344,0.2477,Yes
KXNBA1HWINNER-26APR02CLEGSW-TIE,26,0,0,0,0,"ARIMA(0,0,0)",-130.9,0.4838,0.7172,0.0344,0.023,No
KXNBA3PT-26APR02SASLAC-LACKLEONARD2-4,26,1,0,1,1,"ARIMA(0,1,1)",-25.58,0.0789,0.1543,0.2951,0.295,Yes
KXNBAREB-26APR02PHXCHA-CHAMDIABATE14-6,26,1,1,1,1,"ARIMA(1,1,1)",-105.63,0.6291,0.9709,0.1106,0.1096,Yes
KXNBAREB-26APR02SASLAC-SASDFOX4-4,26,1,0,1,1,"ARIMA(0,1,1)",-65.09,0.5744,0.9718,0.0296,0.0286,Yes
KXMLBHR-26APR021410MINKC-MINBBUXTON25-2,25,0,4,0,0,"ARIMA(4,0,0)",-139.63,0.1387,0.9976,0.0142,0.0122,No
KXMLBTB-26APR022140ATLAZ-AZCCARROLL7-2,25,0,1,0,0,"ARIMA(1,0,0)",-129.81,0.6881,0.9979,0.0306,0.0147,No
KXNBA2D-26APR02PHXCHA-PHXDBOOKER1,25,0,1,0,0,"ARIMA(1,0,0)",-107.85,0.99,0.9,0.0744,0.0618,No
KXNBA3PT-26APR02SASLAC-LACDGARLAND10-4,25,0,0,1,0,"ARIMA(0,1,0)",-169.66,0.01,0.5376,0.0063,0.004,Yes
KXNBAAST-26APR02PHXCHA-PHXJGREEN4-2,25,1,0,0,0,"ARIMA(0,0,0)",1.02,0.7959,0.1069,0.5027,0.4406,No
KXNBAPTS-26APR02MINDET-DETTHARRIS12-15,25,0,0,1,0,"ARIMA(0,1,0)",-37.34,0.8695,0.2206,0.3446,0.3265,Yes
KXNBAPTS-26APR02SASLAC-SASSCASTLE5-10,25,1,2,1,0,"ARIMA(2,1,0)",-94.04,0.2489,0.5008,0.014,0.0134,Yes
KXNBAREB-26APR02SASLAC-LACBLOPEZ11-4,25,1,0,1,0,"ARIMA(0,1,0)",-26.24,0.4826,0.8804,0.0077,0.006,Yes
KXNBATEAMTOTAL-26APR02CLEGSW-GSW114,25,0,0,1,0,"ARIMA(0,1,0)",-28.84,0.6812,0.8959,0.2849,0.2611,Yes
KXUE-RUS26FEB-2.4,25,0,2,1,0,"ARIMA(2,1,0)",-90.29,0.4138,0.8979,0.0441,0.0321,Yes
KXMLBHIT-26APR021410MINKC-KCBWITT7-2,24,0,1,0,1,"ARIMA(1,0,1)",-62.56,0.9545,0.9999,0.2761,0.21,No
KXMLBHR-26APR021410MINKC-KCVPASQUANTINO9-2,24,0,2,0,0,"ARIMA(2,0,0)",-194.91,0.3372,0.9941,0.0085,0.0084,No
KXMLBHRR-26APR021410MINKC-KCJCAGLIANONE14-2,24,0,0,0,2,"ARIMA(0,0,2)",-56.85,0.9739,0.9809,0.2319,0.1565,No
KXMLBKS-26APR022140ATLAZ-AZRNELSON19-6,24,0,1,0,0,"ARIMA(1,0,0)",-42.64,0.9242,0.9974,0.2286,0.2132,No
KXNBA2HWINNER-26APR02CLEGSW-GSW,24,0,0,1,0,"ARIMA(0,1,0)",-20.08,0.7029,0.9997,0.0316,0.0253,Yes
KXNBAAST-26APR02MINDET-DETATHOMPSON9-4,24,1,0,1,1,"ARIMA(0,1,1)",-29.47,0.4781,0.269,0.0077,0.006,Yes
KXNBAAST-26APR02PHXCHA-PHXDBOOKER1-4,24,1,1,0,0,"ARIMA(1,0,0)",-88.08,0.99,0.9996,0.098,0.0644,No
KXNBAPTS-26APR02PHXCHA-CHACWHITE3-20,24,0,1,0,0,"ARIMA(1,0,0)",-33.61,0.9565,0.9975,0.2399,0.182,No
KXNBAPTS-26APR02PHXCHA-CHALBALL1-10,24,1,2,1,0,"ARIMA(2,1,0)",-101.25,0.343,0.8365,0.0298,0.0287,Yes
KXNBAPTS-26APR02PHXCHA-CHALBALL1-25,24,0,0,0,0,"ARIMA(0,0,0)",-52.22,0.0523,0.7351,0.2077,0.174,No
KXNBAREB-26APR02MINDET-MINJRANDLE30-6,24,1,0,1,0,"ARIMA(0,1,0)",-31.68,0.6089,0.8349,0.2461,0.2388,Yes
KXNBAREB-26APR02NOPPOR-NOPHJONES2-4,24,1,0,1,0,"ARIMA(0,1,0)",-31.54,0.5115,0.9982,0.02,0.02,Yes
KXNBATEAMTOTAL-26APR02CLEGSW-GSW111,24,0,0,1,1,"ARIMA(0,1,1)",-15.41,0.2398,0.7722,0.2654,0.2342,Yes
KXMLBHR-26APR021410MINKC-KCBWITT7-2,23,0,2,0,0,"ARIMA(2,0,0)",-174.58,0.2454,0.5873,0.0044,0.0042,No
KXMLBHR-26APR021410MINKC-KCSPEREZ13-2,23,0,2,0,0,"ARIMA(2,0,0)",-160.72,0.0996,0.9994,0.0112,0.0107,No
KXMLBTB-26APR021410MINKC-KCJCAGLIANONE14-2,23,0,0,0,0,"ARIMA(0,0,0)",-27.15,0.3214,0.9187,0.2898,0.2199,No
KXNBA3PT-26APR02SASLAC-LACKLEONARD2-2,23,1,0,1,1,"ARIMA(0,1,1)",-47.83,0.1965,0.5211,0.1166,0.1056,Yes
KXNBAAST-26APR02MINDET-DETTHARRIS12-2,23,0,0,1,0,"ARIMA(0,1,0)",-61.85,0.6547,0.9283,0.0167,0.016,Yes
KXNBAPTS-26APR02MINDET-MINJRANDLE30-15,23,1,0,1,0,"ARIMA(0,1,0)",-106.47,0.3752,0.7324,0.0531,0.0497,Yes
KXNBAPTS-26APR02NOPPOR-NOPSBEY41-20,23,0,1,0,0,"ARIMA(1,0,0)",-28.63,0.912,0.7607,0.1493,0.08,No
KXNBAPTS-26APR02PHXCHA-PHXDBROOKS3-10,23,1,1,2,1,"ARIMA(1,2,1)",-92.45,0.9382,0.7668,0.0155,0.0125,Yes
KXNBAREB-26APR02SASLAC-LACJCOLLINS20-6,23,1,0,1,0,"ARIMA(0,1,0)",-11.71,0.9061,0.9589,0.1789,0.082,Yes
KXNBATEAMTOTAL-26APR02SASLAC-SAS124,23,0,0,1,0,"ARIMA(0,1,0)",-15.44,0.6393,0.0765,0.0513,0.0401,Yes
KXMLBHRR-26APR022140ATLAZ-ATLMOLSON28-2,22,1,0,0,0,"ARIMA(0,0,0)",-44.23,0.9502,1,0.1699,0.076,No
KXNBA2D-26APR02MINDET-DETATHOMPSON9,22,0,0,0,1,"ARIMA(0,0,1)",-58.13,0.6365,0.7671,0.2445,0.236,No
KXNBA3PT-26APR02NOPPOR-PORDAVDIJA8-3,22,0,0,1,0,"ARIMA(0,1,0)",-46.09,0.5552,0.5608,0.0659,0.058,Yes
KXNBA3PT-26APR02PHXCHA-CHAMBRIDGES0-3,22,1,0,1,0,"ARIMA(0,1,0)",-6.99,0.1809,0.6886,0.329,0.3,Yes
KXNBAAST-26APR02PHXCHA-CHALBALL1-10,22,1,0,1,0,"ARIMA(0,1,0)",-25.63,0.5413,0.7222,0,0,Yes
KXNBAPTS-26APR02PHXCHA-PHXGALLEN8-15,22,0,1,0,0,"ARIMA(1,0,0)",-12.16,0.4806,0.2115,0.5725,0.5722,No
KXNBAREB-26APR02PHXCHA-CHABMILLER24-4,22,1,0,1,1,"ARIMA(0,1,1)",-70.5,0.7701,0.8845,0.0089,0.008,Yes
KXNBAREB-26APR02SASLAC-LACBLOPEZ11-5,22,1,1,1,0,"ARIMA(1,1,0)",-23.57,0.909,0.5986,0.0038,0.0037,Yes
KXNBAREB-26APR02SASLAC-LACBLOPEZ11-6,22,1,0,1,0,"ARIMA(0,1,0)",-35.71,0.9538,0.1088,0.0045,0.002,Yes
KXMLBHIT-26APR022140ATLAZ-ATLARILEY27-1,21,1,0,1,0,"ARIMA(0,1,0)",-31,0.5145,0.862,0.3423,0.3282,Yes
KXNBA2D-26APR02NOPPOR-PORDCLINGAN23,21,0,0,1,0,"ARIMA(0,1,0)",-27.27,0.5409,0.8006,0.1112,0.088,Yes
KXNBA3D-26APR02NOPPOR-PORDAVDIJA8,21,0,2,1,0,"ARIMA(2,1,0)",-91.66,0.01,0.0445,0.0229,0.0207,No
KXNBA3PT-26APR02PHXCHA-CHACWHITE3-5,21,0,1,0,0,"ARIMA(1,0,0)",14.87,0.9677,0.7479,0.6467,0.584,No
KXNBA3PT-26APR02SASLAC-SASSCASTLE5-1,21,1,0,1,0,"ARIMA(0,1,0)",-70.75,0.6457,0.7261,0.0981,0.098,Yes
KXNBAAST-26APR02SASLAC-SASDFOX4-6,21,0,0,0,0,"ARIMA(0,0,0)",-15.14,0.3029,0.998,0.2974,0.234,No
KXNBAPTS-26APR02MINDET-DETDROBINSON55-20,21,0,0,0,1,"ARIMA(0,0,1)",-37.15,0.8149,0.1835,0.1815,0.1378,No
KXNBAPTS-26APR02PHXCHA-CHAMDIABATE14-10,21,0,1,0,0,"ARIMA(1,0,0)",-40.93,0.99,0.8514,0.2164,0.1646,No
KXNBAREB-26APR02NOPPOR-PORDAVDIJA8-7,21,1,0,1,0,"ARIMA(0,1,0)",-15.64,0.4681,0.2883,0.19,0.19,Yes
KXNBAREB-26APR02NOPPOR-PORDCLINGAN23-13,21,0,0,1,0,"ARIMA(0,1,0)",-157.64,0.3244,0.9999,0,0,Yes
KXNBAREB-26APR02PHXCHA-CHAMDIABATE14-8,21,1,0,1,0,"ARIMA(0,1,0)",-65.74,0.5066,0.7103,0.0447,0.044,Yes
KXMLBHIT-26APR022140ATLAZ-ATLOALBIES1-1,20,1,0,1,0,"ARIMA(0,1,0)",-33.39,0.5788,0.9046,0.02,0.01,Yes
KXMLBHRR-26APR021410MINKC-MINRLEWIS23-2,20,0,0,0,0,"ARIMA(0,0,0)",-32.25,0.5109,0.9993,0.2129,0.1225,No
KXMLBHRR-26APR022140ATLAZ-ATLRACUNA13-3,20,0,0,0,0,"ARIMA(0,0,0)",-33.45,0.99,0.9984,0.2201,0.1125,No
KXNBA2D-26APR02NOPPOR-NOPDQUEEN22,20,0,1,0,0,"ARIMA(1,0,0)",-117.8,0.2592,0.986,0.0168,0.0129,No
KXNBA3PT-26APR02SASLAC-SASDFOX4-2,20,0,0,0,0,"ARIMA(0,0,0)",-20.8,0.99,0.514,0.2597,0.165,No
KXNBAREB-26APR02MINDET-MINJRANDLE30-7,20,0,0,0,0,"ARIMA(0,0,0)",-108.16,0.99,0.9769,0.03,0.015,No
KXNBAREB-26APR02NOPPOR-NOPDQUEEN22-6,20,1,0,1,0,"ARIMA(0,1,0)",-44.6,0.3721,0.2263,0.1006,0.09,Yes
KXNBATEAMTOTAL-26APR02NOPPOR-NOP110,20,0,1,1,0,"ARIMA(1,1,0)",-22.36,0.6971,0.4652,0.1183,0.0896,Yes
KXUE-MEX26FEB-2.7,20,0,0,1,0,"ARIMA(0,1,0)",-121.19,0.8526,0.7434,0.01,0.01,Yes
